"Coeff","True","Bias","ESD","SD","Coverage.rate","AL","RMSE"
-1.15466657601589,-1.2,0.0453334239841114,0.0742315348984289,0.0751054535741971,0.902610441767068,0.290470944615015,0.0876942700729081
0.274639863605179,0.262364264467491,0.0122755991376877,0.126787755918745,0.121295892446906,0.956827309236948,0.494034044705596,0.121854881223665
0.255881088487938,0.262364264467491,-0.00648317597955267,0.075281218494186,0.0725205896191453,0.954819277108434,0.292259902484353,0.0727735331844087
0.266989678063829,0.262364264467491,0.00462541359633761,0.100233328979041,0.092569780860795,0.960843373493976,0.389775858492548,0.0926388428301521
