"Coeff","True","Bias","ESD","SD","Coverage.rate","AL","RMSE"
-1.21590438311634,-1.2,-0.0159043831163408,0.0654028608747568,0.0682509075417849,0.936,0.255802043086358,0.0700462532631713
0.323032399450999,0.262364264467491,0.0606681349835077,0.113843097544112,0.113051825487049,0.916,0.443785759588535,0.128251928379597
0.261080831228655,0.262364264467491,-0.00128343323883567,0.0972662418248796,0.0963853449547353,0.955,0.379887620412682,0.0963456889964456
0.256192944927315,0.262364264467491,-0.00617131954017597,0.102318168117351,0.10393332111864,0.944,0.398800827713095,0.104064491006195
