"Coeff","True","Bias","ESD","SD","Coverage.rate","AL","RMSE"
-1.21189975585385,-1.2,-0.0118997558538518,0.0639940727299239,0.0643664180069258,0.943943943943944,0.250420561523928,0.0654254749579519
0.263958936531511,0.262364264467491,0.00159467206402031,0.112794479624095,0.111437287011349,0.947947947947948,0.437881281449191,0.111392913669611
0.259433453300593,0.262364264467491,-0.00293081116689831,0.0998088858650765,0.0984792832359448,0.956956956956957,0.38930963661715,0.0984736056192607
0.267726442005301,0.262364264467491,0.00536217753781015,0.098425081296814,0.0956722747772122,0.954954954954955,0.382770527425844,0.0957746039536883
